{
    "loss": 0.4569609463214874,
    "accuracy": 0.9655172228813171
}